"canonicalName","DEGREE","Gene","id","MCODE_CLUSTER_ID","MCODE_SCORE","MCODE_TYPE","name","selected","shared name","Symbol"
"WDR77","2.0","79084","79084","12.0","1.0","Clustered","79084","false","79084","WDR77"
"ERH","2.0","2079","2079","12.0","1.0","Clustered","2079","false","2079","ERH"
"CLNS1A","2.0","1207","1207","12.0","1.0","Clustered","1207","false","1207","CLNS1A"
"TFDP1","2.0","7027","7027","11.0","1.0","Clustered","7027","false","7027","TFDP1"
"MEF2C","2.0","4208","4208","11.0","1.0","Clustered","4208","false","4208","MEF2C"
"E2F1","2.0","1869","1869","11.0","1.0","Clustered","1869","false","1869","E2F1"
"RIBC1","2.0","158787","158787","7.0","1.1","Clustered","158787","false","158787","RIBC1"
"CYB5B","2.0","80777","80777","7.0","1.1","Clustered","80777","false","80777","CYB5B"
"EHMT1","2.0","79813","79813","7.0","1.1","Clustered","79813","false","79813","EHMT1"
"PBRM1","2.0","55193","55193","7.0","1.1","Clustered","55193","false","55193","PBRM1"
"CNOT1","2.0","23019","23019","7.0","1.1","Seed","23019","false","23019","CNOT1"
"PMF1","2.0","11243","11243","7.0","1.1","Clustered","11243","false","11243","PMF1"
"GNPAT","2.0","8443","8443","7.0","1.1","Clustered","8443","false","8443","GNPAT"
"TCF3","2.0","6929","6929","7.0","1.1","Clustered","6929","false","6929","TCF3"
"CNOT3","4.0","4849","4849","7.0","1.1","Clustered","4849","false","4849","CNOT3"
"MAPK14","2.0","1432","1432","7.0","1.1","Clustered","1432","false","1432","MAPK14"
"ZFC3H1","2.0","196441","196441","9.0","1.3333333333333333","Seed","196441","false","196441","ZFC3H1"
"MYSM1","2.0","114803","114803","9.0","1.3333333333333333","Clustered","114803","false","114803","MYSM1"
"VIRMA","4.0","25962","25962","9.0","1.3333333333333333","Clustered","25962","false","25962","VIRMA"
"IPO7","3.0","10527","10527","9.0","1.3333333333333333","Clustered","10527","false","10527","IPO7"
"PSMD3","3.0","5709","5709","9.0","1.3333333333333333","Clustered","5709","false","5709","PSMD3"
"KIF11","2.0","3832","3832","9.0","1.3333333333333333","Clustered","3832","false","3832","KIF11"
"ARID1A","3.0","8289","8289","10.0","1.6","Clustered","8289","false","8289","ARID1A"
"SMARCE1","3.0","6605","6605","10.0","1.6","Clustered","6605","false","6605","SMARCE1"
"SMARCC1","4.0","6599","6599","10.0","1.6","Clustered","6599","false","6599","SMARCC1"
"KMT2A","2.0","4297","4297","10.0","1.6","Clustered","4297","false","4297","KMT2A"
"CBFB","4.0","865","865","10.0","1.6","Seed","865","false","865","CBFB"
"SRFBP1","2.0","153443","153443","8.0","1.7777777777777777","Clustered","153443","false","153443","SRFBP1"
"MAK16","3.0","84549","84549","8.0","1.7777777777777777","Clustered","84549","false","84549","MAK16"
"RPF2","3.0","84154","84154","8.0","1.7777777777777777","Clustered","84154","false","84154","RPF2"
"DDX56","5.0","54606","54606","8.0","1.7777777777777777","Clustered","54606","false","54606","DDX56"
"CASC3","3.0","22794","22794","8.0","1.7777777777777777","Seed","22794","false","22794","CASC3"
"POLR1G","4.0","10849","10849","8.0","1.7777777777777777","Clustered","10849","false","10849","POLR1G"
"XPO1","5.0","7514","7514","8.0","1.7777777777777777","Clustered","7514","false","7514","XPO1"
"EIF6","2.0","3692","3692","8.0","1.7777777777777777","Clustered","3692","false","3692","EIF6"
"DDX10","5.0","1662","1662","8.0","1.7777777777777777","Clustered","1662","false","1662","DDX10"
"GINS4","2.0","84296","84296","6.0","2.047619047619048","Clustered","84296","false","84296","GINS4"
"GINS3","4.0","64785","64785","6.0","2.047619047619048","Clustered","64785","false","64785","GINS3"
"POLR1E","6.0","64425","64425","6.0","2.047619047619048","Clustered","64425","false","64425","POLR1E"
"SUZ12","7.0","23512","23512","6.0","2.047619047619048","Clustered","23512","false","23512","SUZ12"
"MAML1","2.0","9794","9794","6.0","2.047619047619048","Clustered","9794","false","9794","MAML1"
"SETD1A","4.0","9739","9739","6.0","2.047619047619048","Clustered","9739","false","9739","SETD1A"
"BCL7B","3.0","9275","9275","6.0","2.047619047619048","Clustered","9275","false","9275","BCL7B"
"TIMELESS","2.0","8914","8914","6.0","2.047619047619048","Clustered","8914","false","8914","TIMELESS"
"SS18","3.0","6760","6760","6.0","2.047619047619048","Clustered","6760","false","6760","SS18"
"RPS27","3.0","6232","6232","6.0","2.047619047619048","Clustered","6232","false","6232","RPS27"
"DPF2","3.0","5977","5977","6.0","2.047619047619048","Clustered","5977","false","5977","DPF2"
"RAD9A","2.0","5883","5883","6.0","2.047619047619048","Seed","5883","false","5883","RAD9A"
"PGD","3.0","5226","5226","6.0","2.047619047619048","Clustered","5226","false","5226","PGD"
"MDM2","6.0","4193","4193","6.0","2.047619047619048","Clustered","4193","false","4193","MDM2"
"KPNA2","6.0","3838","3838","6.0","2.047619047619048","Clustered","3838","false","3838","KPNA2"
"KPNB1","2.0","3837","3837","6.0","2.047619047619048","Clustered","3837","false","3837","KPNB1"
"H1-5","6.0","3009","3009","6.0","2.047619047619048","Clustered","3009","false","3009","H1-5"
"GTF2E2","5.0","2961","2961","6.0","2.047619047619048","Clustered","2961","false","2961","GTF2E2"
"KAT2A","5.0","2648","2648","6.0","2.047619047619048","Clustered","2648","false","2648","KAT2A"
"EP300","9.0","2033","2033","6.0","2.047619047619048","Clustered","2033","false","2033","EP300"
"CTPS1","3.0","1503","1503","6.0","2.047619047619048","Clustered","1503","false","1503","CTPS1"
"SKA1","3.0","220134","220134","5.0","2.264705882352941","Clustered","220134","false","220134","SKA1"
"RAD9B","4.0","144715","144715","5.0","2.264705882352941","Clustered","144715","false","144715","RAD9B"
"INTS4","6.0","92105","92105","5.0","2.264705882352941","Clustered","92105","false","92105","INTS4"
"ZC3H8","7.0","84524","84524","5.0","2.264705882352941","Clustered","84524","false","84524","ZC3H8"
"INTS14","7.0","81556","81556","5.0","2.264705882352941","Clustered","81556","false","81556","INTS14"
"CENPT","4.0","80152","80152","5.0","2.264705882352941","Clustered","80152","false","80152","CENPT"
"MIS12","3.0","79003","79003","5.0","2.264705882352941","Clustered","79003","false","79003","MIS12"
"CLSPN","4.0","63967","63967","5.0","2.264705882352941","Clustered","63967","false","63967","CLSPN"
"INTS9","6.0","55756","55756","5.0","2.264705882352941","Clustered","55756","false","55756","INTS9"
"DDX27","3.0","55661","55661","5.0","2.264705882352941","Clustered","55661","false","55661","DDX27"
"NOP10","3.0","55505","55505","5.0","2.264705882352941","Clustered","55505","false","55505","NOP10"
"GAR1","4.0","54433","54433","5.0","2.264705882352941","Clustered","54433","false","54433","GAR1"
"POP5","2.0","51367","51367","5.0","2.264705882352941","Clustered","51367","false","51367","POP5"
"RRP12","4.0","23223","23223","5.0","2.264705882352941","Clustered","23223","false","23223","RRP12"
"RBM19","3.0","9904","9904","5.0","2.264705882352941","Clustered","9904","false","9904","RBM19"
"DDX21","8.0","9188","9188","5.0","2.264705882352941","Clustered","9188","false","9188","DDX21"
"TAF1A","5.0","9015","9015","5.0","2.264705882352941","Seed","9015","false","9015","TAF1A"
"TAF1C","4.0","9013","9013","5.0","2.264705882352941","Clustered","9013","false","9013","TAF1C"
"PRPF4B","2.0","8899","8899","5.0","2.264705882352941","Clustered","8899","false","8899","PRPF4B"
"RAE1","3.0","8480","8480","5.0","2.264705882352941","Clustered","8480","false","8480","RAE1"
"PRRC2A","2.0","7916","7916","5.0","2.264705882352941","Clustered","7916","false","7916","PRRC2A"
"TBP","11.0","6908","6908","5.0","2.264705882352941","Clustered","6908","false","6908","TBP"
"SNAPC3","6.0","6619","6619","5.0","2.264705882352941","Clustered","6619","false","6619","SNAPC3"
"RRM2","3.0","6241","6241","5.0","2.264705882352941","Clustered","6241","false","6241","RRM2"
"RPA1","7.0","6117","6117","5.0","2.264705882352941","Clustered","6117","false","6117","RPA1"
"RFC3","4.0","5983","5983","5.0","2.264705882352941","Clustered","5983","false","5983","RFC3"
"RBBP8","4.0","5932","5932","5.0","2.264705882352941","Clustered","5932","false","5932","RBBP8"
"OGDH","3.0","4967","4967","5.0","2.264705882352941","Clustered","4967","false","4967","OGDH"
"NPM1","8.0","4869","4869","5.0","2.264705882352941","Clustered","4869","false","4869","NPM1"
"MLLT1","3.0","4298","4298","5.0","2.264705882352941","Clustered","4298","false","4298","MLLT1"
"GTF2E1","9.0","2960","2960","5.0","2.264705882352941","Clustered","2960","false","2960","GTF2E1"
"GOT2","2.0","2806","2806","5.0","2.264705882352941","Clustered","2806","false","2806","GOT2"
"DDX11","3.0","1663","1663","5.0","2.264705882352941","Clustered","1663","false","1663","DDX11"
"CENPE","4.0","1062","1062","5.0","2.264705882352941","Clustered","1062","false","1062","CENPE"
"TADA1","7.0","117143","117143","4.0","3.285714285714286","Clustered","117143","false","117143","TADA1"
"HAUS1","8.0","115106","115106","4.0","3.285714285714286","Clustered","115106","false","115106","HAUS1"
"TUBGCP5","6.0","114791","114791","4.0","3.285714285714286","Clustered","114791","false","114791","TUBGCP5"
"SGF29","7.0","112869","112869","4.0","3.285714285714286","Clustered","112869","false","112869","SGF29"
"TADA2B","8.0","93624","93624","4.0","3.285714285714286","Clustered","93624","false","93624","TADA2B"
"HAUS3","6.0","79441","79441","4.0","3.285714285714286","Clustered","79441","false","79441","HAUS3"
"METTL14","2.0","57721","57721","4.0","3.285714285714286","Clustered","57721","false","57721","METTL14"
"SUPT20H","7.0","55578","55578","4.0","3.285714285714286","Clustered","55578","false","55578","SUPT20H"
"SDAD1","5.0","55153","55153","4.0","3.285714285714286","Clustered","55153","false","55153","SDAD1"
"HAUS2","6.0","55142","55142","4.0","3.285714285714286","Clustered","55142","false","55142","HAUS2"
"NMD3","7.0","51068","51068","4.0","3.285714285714286","Clustered","51068","false","51068","NMD3"
"GNL2","6.0","29889","29889","4.0","3.285714285714286","Clustered","29889","false","29889","GNL2"
"TUBGCP4","6.0","27229","27229","4.0","3.285714285714286","Clustered","27229","false","27229","TUBGCP4"
"TAF5L","7.0","27097","27097","4.0","3.285714285714286","Clustered","27097","false","27097","TAF5L"
"AATF","5.0","26574","26574","4.0","3.285714285714286","Clustered","26574","false","26574","AATF"
"HAUS5","6.0","23354","23354","4.0","3.285714285714286","Clustered","23354","false","23354","HAUS5"
"CHEK2","11.0","11200","11200","4.0","3.285714285714286","Clustered","11200","false","11200","CHEK2"
"TAF6L","7.0","10629","10629","4.0","3.285714285714286","Clustered","10629","false","10629","TAF6L"
"TADA3","9.0","10474","10474","4.0","3.285714285714286","Clustered","10474","false","10474","TADA3"
"CEBPZ","5.0","10153","10153","4.0","3.285714285714286","Clustered","10153","false","10153","CEBPZ"
"SUPT7L","7.0","9913","9913","4.0","3.285714285714286","Clustered","9913","false","9913","SUPT7L"
"TUBG1","9.0","7283","7283","4.0","3.285714285714286","Clustered","7283","false","7283","TUBG1"
"SURF6","5.0","6838","6838","4.0","3.285714285714286","Clustered","6838","false","6838","SURF6"
"SNAI1","3.0","6615","6615","4.0","3.285714285714286","Clustered","6615","false","6615","SNAI1"
"RPS17","7.0","6218","6218","4.0","3.285714285714286","Clustered","6218","false","6218","RPS17"
"RPL36A","6.0","6173","6173","4.0","3.285714285714286","Clustered","6173","false","6173","RPL36A"
"RFC4","8.0","5984","5984","4.0","3.285714285714286","Clustered","5984","false","5984","RFC4"
"RAD51C","5.0","5889","5889","4.0","3.285714285714286","Clustered","5889","false","5889","RAD51C"
"RAD51","7.0","5888","5888","4.0","3.285714285714286","Clustered","5888","false","5888","RAD51"
"PRIM2","8.0","5558","5558","4.0","3.285714285714286","Clustered","5558","false","5558","PRIM2"
"PRIM1","9.0","5557","5557","4.0","3.285714285714286","Clustered","5557","false","5557","PRIM1"
"POLD2","9.0","5425","5425","4.0","3.285714285714286","Clustered","5425","false","5425","POLD2"
"POLD1","9.0","5424","5424","4.0","3.285714285714286","Clustered","5424","false","5424","POLD1"
"NVL","5.0","4931","4931","4.0","3.285714285714286","Clustered","4931","false","4931","NVL"
"NOP2","7.0","4839","4839","4.0","3.285714285714286","Clustered","4839","false","4839","NOP2"
"MTHFD1","12.0","4522","4522","4.0","3.285714285714286","Clustered","4522","false","4522","MTHFD1"
"MCM3","10.0","4172","4172","4.0","3.285714285714286","Clustered","4172","false","4172","MCM3"
"MCM2","9.0","4171","4171","4.0","3.285714285714286","Clustered","4171","false","4171","MCM2"
"FDPS","2.0","2224","2224","4.0","3.285714285714286","Clustered","2224","false","2224","FDPS"
"EZH2","3.0","2146","2146","4.0","3.285714285714286","Clustered","2146","false","2146","EZH2"
"EIF4G1","2.0","1981","1981","4.0","3.285714285714286","Clustered","1981","false","1981","EIF4G1"
"ATIC","3.0","471","471","4.0","3.285714285714286","Clustered","471","false","471","ATIC"
"RPL36A-HNRNPH2","3.0","100529097","100529097","1.0","4.617647058823529","Clustered","100529097","false","100529097","RPL36A-HNRNPH2"
"MED11","12.0","400569","400569","1.0","4.617647058823529","Clustered","400569","false","400569","MED11"
"MED19","16.0","219541","219541","1.0","4.617647058823529","Clustered","219541","false","219541","MED19"
"MED8","13.0","112950","112950","1.0","4.617647058823529","Clustered","112950","false","112950","MED8"
"COG7","10.0","91949","91949","1.0","4.617647058823529","Clustered","91949","false","91949","COG7"
"COG8","10.0","84342","84342","1.0","4.617647058823529","Clustered","84342","false","84342","COG8"
"COG3","10.0","83548","83548","1.0","4.617647058823529","Clustered","83548","false","83548","COG3"
"MED25","12.0","81857","81857","1.0","4.617647058823529","Clustered","81857","false","81857","MED25"
"NDUFAF5","10.0","79133","79133","1.0","4.617647058823529","Clustered","79133","false","79133","NDUFAF5"
"ZNF574","2.0","64763","64763","1.0","4.617647058823529","Clustered","64763","false","64763","ZNF574"
"ANAPC1","8.0","64682","64682","1.0","4.617647058823529","Clustered","64682","false","64682","ANAPC1"
"NOC3L","9.0","64318","64318","1.0","4.617647058823529","Clustered","64318","false","64318","NOC3L"
"COG6","11.0","57511","57511","1.0","4.617647058823529","Clustered","57511","false","57511","COG6"
"MED18","11.0","54797","54797","1.0","4.617647058823529","Clustered","54797","false","54797","MED18"
"FBXL19","10.0","54620","54620","1.0","4.617647058823529","Clustered","54620","false","54620","FBXL19"
"GNL3L","6.0","54552","54552","1.0","4.617647058823529","Seed","54552","false","54552","GNL3L"
"NLE1","6.0","54475","54475","1.0","4.617647058823529","Clustered","54475","false","54475","NLE1"
"ANAPC5","7.0","51433","51433","1.0","4.617647058823529","Clustered","51433","false","51433","ANAPC5"
"ECSIT","10.0","51295","51295","1.0","4.617647058823529","Clustered","51295","false","51295","ECSIT"
"DYNC1LI1","10.0","51143","51143","1.0","4.617647058823529","Clustered","51143","false","51143","DYNC1LI1"
"RRP15","5.0","51018","51018","1.0","4.617647058823529","Clustered","51018","false","51018","RRP15"
"MED4","14.0","29079","29079","1.0","4.617647058823529","Clustered","29079","false","29079","MED4"
"POLA2","7.0","23649","23649","1.0","4.617647058823529","Clustered","23649","false","23649","POLA2"
"RRS1","10.0","23212","23212","1.0","4.617647058823529","Clustered","23212","false","23212","RRS1"
"MDN1","4.0","23195","23195","1.0","4.617647058823529","Clustered","23195","false","23195","MDN1"
"ZC3H13","11.0","23091","23091","1.0","4.617647058823529","Clustered","23091","false","23091","ZC3H13"
"DCTN3","11.0","11258","11258","1.0","4.617647058823529","Clustered","11258","false","11258","DCTN3"
"POLD3","6.0","10714","10714","1.0","4.617647058823529","Clustered","10714","false","10714","POLD3"
"DCTN6","10.0","10671","10671","1.0","4.617647058823529","Clustered","10671","false","10671","DCTN6"
"YKT6","11.0","10652","10652","1.0","4.617647058823529","Clustered","10652","false","10652","YKT6"
"MYBBP1A","7.0","10514","10514","1.0","4.617647058823529","Clustered","10514","false","10514","MYBBP1A"
"MED16","13.0","10025","10025","1.0","4.617647058823529","Clustered","10025","false","10025","MED16"
"MED12","13.0","9968","9968","1.0","4.617647058823529","Clustered","9968","false","9968","MED12"
"MED24","13.0","9862","9862","1.0","4.617647058823529","Clustered","9862","false","9862","MED24"
"MED23","13.0","9439","9439","1.0","4.617647058823529","Clustered","9439","false","9439","MED23"
"MED14","17.0","9282","9282","1.0","4.617647058823529","Clustered","9282","false","9282","MED14"
"EIF3H","2.0","8667","8667","1.0","4.617647058823529","Clustered","8667","false","8667","EIF3H"
"CDC7","6.0","8317","8317","1.0","4.617647058823529","Clustered","8317","false","8317","CDC7"
"UBE2E1","7.0","7324","7324","1.0","4.617647058823529","Clustered","7324","false","7324","UBE2E1"
"RPL28","9.0","6158","6158","1.0","4.617647058823529","Clustered","6158","false","6158","RPL28"
"RPL11","11.0","6135","6135","1.0","4.617647058823529","Clustered","6135","false","6135","RPL11"
"RFC5","8.0","5985","5985","1.0","4.617647058823529","Clustered","5985","false","5985","RFC5"
"PSMD4","9.0","5710","5710","1.0","4.617647058823529","Clustered","5710","false","5710","PSMD4"
"PSMB7","6.0","5695","5695","1.0","4.617647058823529","Clustered","5695","false","5695","PSMB7"
"PSMB5","6.0","5693","5693","1.0","4.617647058823529","Clustered","5693","false","5693","PSMB5"
"PSMA1","7.0","5682","5682","1.0","4.617647058823529","Clustered","5682","false","5682","PSMA1"
"ORC5","6.0","5001","5001","1.0","4.617647058823529","Clustered","5001","false","5001","ORC5"
"ORC2","6.0","4999","4999","1.0","4.617647058823529","Clustered","4999","false","4999","ORC2"
"NDUFS8","10.0","4728","4728","1.0","4.617647058823529","Clustered","4728","false","4728","NDUFS8"
"NDUFS5","10.0","4725","4725","1.0","4.617647058823529","Clustered","4725","false","4725","NDUFS5"
"NDUFC2","10.0","4718","4718","1.0","4.617647058823529","Clustered","4718","false","4718","NDUFC2"
"NDUFB10","10.0","4716","4716","1.0","4.617647058823529","Clustered","4716","false","4716","NDUFB10"
"NDUFB4","10.0","4710","4710","1.0","4.617647058823529","Clustered","4710","false","4710","NDUFB4"
"NDUFB2","11.0","4708","4708","1.0","4.617647058823529","Clustered","4708","false","4708","NDUFB2"
"NDUFA9","10.0","4704","4704","1.0","4.617647058823529","Clustered","4704","false","4704","NDUFA9"
"NDUFA8","10.0","4702","4702","1.0","4.617647058823529","Clustered","4702","false","4702","NDUFA8"
"NDUFA6","10.0","4700","4700","1.0","4.617647058823529","Clustered","4700","false","4700","NDUFA6"
"MCM5","8.0","4174","4174","1.0","4.617647058823529","Clustered","4174","false","4174","MCM5"
"MCM4","7.0","4173","4173","1.0","4.617647058823529","Clustered","4173","false","4173","MCM4"
"GTF2H4","7.0","2968","2968","1.0","4.617647058823529","Clustered","2968","false","2968","GTF2H4"
"GPI","7.0","2821","2821","1.0","4.617647058823529","Clustered","2821","false","2821","GPI"
"ERCC3","8.0","2071","2071","1.0","4.617647058823529","Clustered","2071","false","2071","ERCC3"
"DYNC1I2","11.0","1781","1781","1.0","4.617647058823529","Clustered","1781","false","1781","DYNC1I2"
"DYNC1H1","10.0","1778","1778","1.0","4.617647058823529","Clustered","1778","false","1778","DYNC1H1"
"DCTN1","11.0","1639","1639","1.0","4.617647058823529","Clustered","1639","false","1639","DCTN1"
"CDK7","8.0","1022","1022","1.0","4.617647058823529","Clustered","1022","false","1022","CDK7"
"CCNH","7.0","902","902","1.0","4.617647058823529","Clustered","902","false","902","CCNH"
"CCNC","19.0","892","892","1.0","4.617647058823529","Clustered","892","false","892","CCNC"
"MRPL10","25.0","124995","124995","2.0","11.755102040816325","Clustered","124995","false","124995","MRPL10"
"MRPL43","25.0","84545","84545","2.0","11.755102040816325","Clustered","84545","false","84545","MRPL43"
"SF3B5","20.0","83443","83443","2.0","11.755102040816325","Clustered","83443","false","83443","SF3B5"
"MRPL11","27.0","65003","65003","2.0","11.755102040816325","Clustered","65003","false","65003","MRPL11"
"MRPL34","23.0","64981","64981","2.0","11.755102040816325","Clustered","64981","false","64981","MRPL34"
"MRPS9","25.0","64965","64965","2.0","11.755102040816325","Clustered","64965","false","64965","MRPS9"
"METTL17","24.0","64745","64745","2.0","11.755102040816325","Clustered","64745","false","64745","METTL17"
"MRPL17","26.0","63875","63875","2.0","11.755102040816325","Clustered","63875","false","63875","MRPL17"
"MRPS35","27.0","60488","60488","2.0","11.755102040816325","Clustered","60488","false","60488","MRPS35"
"LSM2","21.0","57819","57819","2.0","11.755102040816325","Clustered","57819","false","57819","LSM2"
"MRPS22","27.0","56945","56945","2.0","11.755102040816325","Clustered","56945","false","56945","MRPS22"
"MRPS18A","24.0","55168","55168","2.0","11.755102040816325","Clustered","55168","false","55168","MRPS18A"
"MRPS21","26.0","54460","54460","2.0","11.755102040816325","Clustered","54460","false","54460","MRPS21"
"LSM7","20.0","51690","51690","2.0","11.755102040816325","Clustered","51690","false","51690","LSM7"
"MRPS33","26.0","51650","51650","2.0","11.755102040816325","Clustered","51650","false","51650","MRPS33"
"MRPS23","27.0","51649","51649","2.0","11.755102040816325","Clustered","51649","false","51649","MRPS23"
"MRPS17","25.0","51373","51373","2.0","11.755102040816325","Seed","51373","false","51373","MRPS17"
"MRPL37","25.0","51253","51253","2.0","11.755102040816325","Clustered","51253","false","51253","MRPL37"
"MRPS16","26.0","51021","51021","2.0","11.755102040816325","Clustered","51021","false","51021","MRPS16"
"MRPL22","26.0","29093","29093","2.0","11.755102040816325","Clustered","29093","false","29093","MRPL22"
"MRPL18","25.0","29074","29074","2.0","11.755102040816325","Clustered","29074","false","29074","MRPL18"
"MRPS18B","26.0","28973","28973","2.0","11.755102040816325","Clustered","28973","false","28973","MRPS18B"
"RBMX","24.0","27316","27316","2.0","11.755102040816325","Clustered","27316","false","27316","RBMX"
"MRPL46","26.0","26589","26589","2.0","11.755102040816325","Clustered","26589","false","26589","MRPL46"
"ERAL1","26.0","26284","26284","2.0","11.755102040816325","Clustered","26284","false","26284","ERAL1"
"PRPF6","21.0","24148","24148","2.0","11.755102040816325","Clustered","24148","false","24148","PRPF6"
"SF3B3","21.0","23450","23450","2.0","11.755102040816325","Clustered","23450","false","23450","SF3B3"
"MRPL3","26.0","11222","11222","2.0","11.755102040816325","Clustered","11222","false","11222","MRPL3"
"LSM6","21.0","11157","11157","2.0","11.755102040816325","Clustered","11157","false","11157","LSM6"
"SF3B2","21.0","10992","10992","2.0","11.755102040816325","Clustered","10992","false","10992","SF3B2"
"TXNL4A","20.0","10907","10907","2.0","11.755102040816325","Clustered","10907","false","10907","TXNL4A"
"PRPF8","21.0","10594","10594","2.0","11.755102040816325","Clustered","10594","false","10594","PRPF8"
"SMNDC1","20.0","10285","10285","2.0","11.755102040816325","Clustered","10285","false","10285","SMNDC1"
"SRRM1","21.0","10250","10250","2.0","11.755102040816325","Clustered","10250","false","10250","SRRM1"
"MRPS31","26.0","10240","10240","2.0","11.755102040816325","Clustered","10240","false","10240","MRPS31"
"MRPL33","24.0","9553","9553","2.0","11.755102040816325","Clustered","9553","false","9553","MRPL33"
"EFTUD2","39.0","9343","9343","2.0","11.755102040816325","Clustered","9343","false","9343","EFTUD2"
"PRPF3","21.0","9129","9129","2.0","11.755102040816325","Clustered","9129","false","9129","PRPF3"
"PRPF4","22.0","9128","9128","2.0","11.755102040816325","Clustered","9128","false","9128","PRPF4"
"SART1","22.0","9092","9092","2.0","11.755102040816325","Clustered","9092","false","9092","SART1"
"SNRPG","20.0","6637","6637","2.0","11.755102040816325","Clustered","6637","false","6637","SNRPG"
"SNRPD3","22.0","6634","6634","2.0","11.755102040816325","Clustered","6634","false","6634","SNRPD3"
"SNRPD1","21.0","6632","6632","2.0","11.755102040816325","Clustered","6632","false","6632","SNRPD1"
"PTBP1","21.0","5725","5725","2.0","11.755102040816325","Clustered","5725","false","5725","PTBP1"
"PLRG1","21.0","5356","5356","2.0","11.755102040816325","Clustered","5356","false","5356","PLRG1"
"MYC","20.0","4609","4609","2.0","11.755102040816325","Clustered","4609","false","4609","MYC"
"MRPL58","25.0","3396","3396","2.0","11.755102040816325","Clustered","3396","false","3396","MRPL58"
"GRSF1","26.0","2926","2926","2.0","11.755102040816325","Clustered","2926","false","2926","GRSF1"
"DKC1","8.0","1736","1736","2.0","11.755102040816325","Clustered","1736","false","1736","DKC1"
"EXOSC6","31.0","118460","118460","3.0","19.51063829787234","Clustered","118460","false","118460","EXOSC6"
"IMP4","45.0","92856","92856","3.0","19.51063829787234","Clustered","92856","false","92856","IMP4"
"LTV1","34.0","84946","84946","3.0","19.51063829787234","Clustered","84946","false","84946","LTV1"
"UTP4","46.0","84916","84916","3.0","19.51063829787234","Clustered","84916","false","84916","UTP4"
"WDR75","46.0","84128","84128","3.0","19.51063829787234","Clustered","84128","false","84128","WDR75"
"RIOK1","33.0","83732","83732","3.0","19.51063829787234","Clustered","83732","false","83732","RIOK1"
"RPF1","30.0","80135","80135","3.0","19.51063829787234","Clustered","80135","false","80135","RPF1"
"NOL6","46.0","65083","65083","3.0","19.51063829787234","Clustered","65083","false","65083","NOL6"
"MRPS11","29.0","64963","64963","3.0","19.51063829787234","Clustered","64963","false","64963","MRPS11"
"MRPS15","29.0","64960","64960","3.0","19.51063829787234","Clustered","64960","false","64960","MRPS15"
"DHX37","41.0","57647","57647","3.0","19.51063829787234","Clustered","57647","false","57647","DHX37"
"UTP3","46.0","57050","57050","3.0","19.51063829787234","Clustered","57050","false","57050","UTP3"
"EXOSC5","31.0","56915","56915","3.0","19.51063829787234","Clustered","56915","false","56915","EXOSC5"
"UTP6","46.0","55813","55813","3.0","19.51063829787234","Clustered","55813","false","55813","UTP6"
"RIOK2","34.0","55781","55781","3.0","19.51063829787234","Clustered","55781","false","55781","RIOK2"
"WDR12","31.0","55759","55759","3.0","19.51063829787234","Clustered","55759","false","55759","WDR12"
"NHP2","34.0","55651","55651","3.0","19.51063829787234","Clustered","55651","false","55651","NHP2"
"IMP3","46.0","55272","55272","3.0","19.51063829787234","Clustered","55272","false","55272","IMP3"
"TEX10","34.0","54881","54881","3.0","19.51063829787234","Clustered","54881","false","54881","TEX10"
"EXOSC4","31.0","54512","54512","3.0","19.51063829787234","Clustered","54512","false","54512","EXOSC4"
"UTP11","46.0","51118","51118","3.0","19.51063829787234","Clustered","51118","false","51118","UTP11"
"FCF1","46.0","51077","51077","3.0","19.51063829787234","Clustered","51077","false","51077","FCF1"
"EXOSC3","31.0","51010","51010","3.0","19.51063829787234","Clustered","51010","false","51010","EXOSC3"
"UTP20","44.0","27340","27340","3.0","19.51063829787234","Clustered","27340","false","27340","UTP20"
"UTP25","42.0","27042","27042","3.0","19.51063829787234","Clustered","27042","false","27042","UTP25"
"PRPF31","31.0","26121","26121","3.0","19.51063829787234","Clustered","26121","false","26121","PRPF31"
"NOL11","41.0","25926","25926","3.0","19.51063829787234","Clustered","25926","false","25926","NOL11"
"PES1","32.0","23481","23481","3.0","19.51063829787234","Clustered","23481","false","23481","PES1"
"EXOSC2","31.0","23404","23404","3.0","19.51063829787234","Clustered","23404","false","23404","EXOSC2"
"PDCD11","46.0","22984","22984","3.0","19.51063829787234","Clustered","22984","false","22984","PDCD11"
"KRR1","46.0","11103","11103","3.0","19.51063829787234","Clustered","11103","false","11103","KRR1"
"WDR3","46.0","10885","10885","3.0","19.51063829787234","Clustered","10885","false","10885","WDR3"
"UTP14A","46.0","10813","10813","3.0","19.51063829787234","Clustered","10813","false","10813","UTP14A"
"RPP40","31.0","10799","10799","3.0","19.51063829787234","Clustered","10799","false","10799","RPP40"
"TBL3","46.0","10607","10607","3.0","19.51063829787234","Clustered","10607","false","10607","TBL3"
"RPP30","32.0","10556","10556","3.0","19.51063829787234","Clustered","10556","false","10556","RPP30"
"MPHOSPH6","31.0","10200","10200","3.0","19.51063829787234","Seed","10200","false","10200","MPHOSPH6"
"MPHOSPH10","46.0","10199","10199","3.0","19.51063829787234","Clustered","10199","false","10199","MPHOSPH10"
"RCL1","46.0","10171","10171","3.0","19.51063829787234","Clustered","10171","false","10171","RCL1"
"BMS1","46.0","9790","9790","3.0","19.51063829787234","Clustered","9790","false","9790","BMS1"
"WDR46","46.0","9277","9277","3.0","19.51063829787234","Clustered","9277","false","9277","WDR46"
"RRP9","46.0","9136","9136","3.0","19.51063829787234","Clustered","9136","false","9136","RRP9"
"NOP14","46.0","8602","8602","3.0","19.51063829787234","Clustered","8602","false","8602","NOP14"
"RPS28","36.0","6234","6234","3.0","19.51063829787234","Clustered","6234","false","6234","RPS28"
"RPS8","39.0","6202","6202","3.0","19.51063829787234","Clustered","6202","false","6202","RPS8"
"EXOSC10","35.0","5394","5394","3.0","19.51063829787234","Clustered","5394","false","5394","EXOSC10"
"BYSL","37.0","705","705","3.0","19.51063829787234","Clustered","705","false","705","BYSL"
